-- delete
DELETE FROM CHATLOG;

DELETE FROM JOINROOM;

DELETE FROM ROOMS;

DELETE FROM USERS;

-- PASS:swack0001
INSERT INTO
  USERS (USERID, USERNAME, MAILADDRESS, PASSWORD, ROLE)
VALUES
  (
    'U0001',
    '情報太郎',
    'taro@swack.com',
    '$2a$10$upDb5x4NvBUgXjRLezpRpuJZKfrCiPufoPAHZjZzBRYE6QYZo3cwO',
    'ADMIN'
  );

-- PASS:swack0002
INSERT INTO
  USERS (USERID, USERNAME, MAILADDRESS, PASSWORD, ROLE)
VALUES
  (
    'U0002',
    '情報花子',
    'hanako@swack.com',
    '$2a$10$TgNLilzu3F/npKlXpNFjuuWgfU2NzstMGhKItHgN6CT/y5Y2UXf..',
    'USER'
  );

-- PASS:swack0003
INSERT INTO
  USERS (USERID, USERNAME, MAILADDRESS, PASSWORD, ROLE)
VALUES
  (
    'U0003',
    '情報三郎',
    'saburo@swack.com',
    '$2a$10$1ncBUPjbXA1dPqKEJuZxyuUtE6udM6VkkdhhqGSbBHMmD2uUMN6Ve',
    'USER'
  );

-- PASS:swack0004
INSERT INTO
  USERS (USERID, USERNAME, MAILADDRESS, PASSWORD, ROLE)
VALUES
  (
    'U0004',
    '情報四郎',
    'shiro@swack.com',
    '$2a$10$vI5OgbsL3e0f7qShxgbl2.c1pCrryKiNdnxKKo/r3zBz2FhUwc4ju',
    'USER'
  );

INSERT INTO
  ROOMS (
    ROOMID,
    ROOMNAME,
    CREATEDUSERID,
    DIRECTED,
    PRIVATED
  )
VALUES
  ('R0000', 'everyone', 'U0000', FALSE, FALSE);

INSERT INTO
  ROOMS (
    ROOMID,
    ROOMNAME,
    CREATEDUSERID,
    DIRECTED,
    PRIVATED
  )
VALUES
  ('R0001', 'random', 'U0000', FALSE, FALSE);

INSERT INTO
  ROOMS (
    ROOMID,
    ROOMNAME,
    CREATEDUSERID,
    DIRECTED,
    PRIVATED
  )
VALUES
  ('R0002', '連絡板', 'U0001', FALSE, TRUE);

INSERT INTO
  ROOMS (
    ROOMID,
    ROOMNAME,
    CREATEDUSERID,
    DIRECTED,
    PRIVATED
  )
VALUES
  ('R0003', 'PU0001,U0002', 'U0000', TRUE, TRUE);

INSERT INTO
  ROOMS (
    ROOMID,
    ROOMNAME,
    CREATEDUSERID,
    DIRECTED,
    PRIVATED
  )
VALUES
  ('R0004', 'PU0001,U0003', 'U0000', TRUE, TRUE);

INSERT INTO
  ROOMS (
    ROOMID,
    ROOMNAME,
    CREATEDUSERID,
    DIRECTED,
    PRIVATED
  )
VALUES
  ('R0005', 'PU0002,U0003', 'U0000', TRUE, TRUE);

INSERT INTO
  JOINROOM (ROOMID, USERID)
VALUES
  ('R0000', 'U0001');

INSERT INTO
  JOINROOM (ROOMID, USERID)
VALUES
  ('R0000', 'U0002');

INSERT INTO
  JOINROOM (ROOMID, USERID)
VALUES
  ('R0000', 'U0003');

INSERT INTO
  JOINROOM (ROOMID, USERID)
VALUES
  ('R0000', 'U0004');

INSERT INTO
  JOINROOM (ROOMID, USERID)
VALUES
  ('R0001', 'U0001');

INSERT INTO
  JOINROOM (ROOMID, USERID)
VALUES
  ('R0001', 'U0002');

INSERT INTO
  JOINROOM (ROOMID, USERID)
VALUES
  ('R0002', 'U0001');

INSERT INTO
  JOINROOM (ROOMID, USERID)
VALUES
  ('R0003', 'U0001');

INSERT INTO
  JOINROOM (ROOMID, USERID)
VALUES
  ('R0003', 'U0002');

INSERT INTO
  JOINROOM (ROOMID, USERID)
VALUES
  ('R0004', 'U0001');

INSERT INTO
  JOINROOM (ROOMID, USERID)
VALUES
  ('R0004', 'U0003');

INSERT INTO
  JOINROOM (ROOMID, USERID)
VALUES
  ('R0005', 'U0002');

INSERT INTO
  JOINROOM (ROOMID, USERID)
VALUES
  ('R0005', 'U0003');

INSERT INTO
  CHATLOG (CHATLOGID, ROOMID, USERID, MESSAGE, CREATED_AT)
VALUES
  (
    NEXTVAL('CHATLOGID_SEQ'),
    'R0000',
    'U0001',
    'Swackへようこそ！',
    CURRENT_TIMESTAMP
  );

INSERT INTO
  CHATLOG (CHATLOGID, ROOMID, USERID, MESSAGE, CREATED_AT)
VALUES
  (
    NEXTVAL('CHATLOGID_SEQ'),
    'R0000',
    'U0002',
    'こんにちは。よろしくお願いします。',
    CURRENT_TIMESTAMP
  );

INSERT INTO
  CHATLOG (CHATLOGID, ROOMID, USERID, MESSAGE, CREATED_AT)
VALUES
  (
    NEXTVAL('CHATLOGID_SEQ'),
    'R0001',
    'U0001',
    '雑談をはじめましょう！',
    CURRENT_TIMESTAMP
  );

INSERT INTO
  CHATLOG (CHATLOGID, ROOMID, USERID, MESSAGE, CREATED_AT)
VALUES
  (
    NEXTVAL('CHATLOGID_SEQ'),
    'R0002',
    'U0001',
    '連絡用の部屋です。',
    CURRENT_TIMESTAMP
  );
